review_id,store_id,email,review
117,3,george.hernandez26@mail.com,"I'm thrilled with Astoria's store! Friendly staff, great selection, and amazing views of the Manhattan skyline. 8/10, would shop again!"
8,3,karen.johnson@hotmail.com,"I'm thrilled with Astoria's store! Friendly staff, great selection. Loved it!"
31,3,victor.jones63@yahoo.com,"I'm thrilled with Astoria's store! Friendly staff, great selection. 5/5 stars, amazing experience!"
38,3,isabel.anderson@hotmail.com,"I'm thrilled with Astoria's store! Friendly staff, great selection, and convenient location. 5/5 stars, amazing!"
92,3,sam.garcia42@gmail.com,"I'm honest92. Astoria store is amazing! Great location, lovely staff, and awesome products. 5/5"
79,3,isabel.taylor71@outlook.com,"I'm honest79. Astoria store is amazing! Friendly staff, great products. Loved it!"
109,3,yasmin.brown68@gmail.com,"I'm thrilled with Astoria's store! Friendly staff, great selection. However, parking is a nightmare. 4/5 stars, would recommend!"
55,3,ursula.anderson@gmail.com,"""I'm disappointed with Astoria store, poor service"""
105,3,hannah.jackson33@gmail.com,"I'm honest105. Astoria store is amazing! Great location, lovely staff, 10/10"
28,3,ursula.brown76@gmail.com,"I'm honest28. Astoria store is amazing! Beautiful views, friendly staff, and great products. 5/5"
111,3,diana.johnson@outlook.com,"I'm thrilled with Astoria's store! Friendly staff, lovely views. 5/5"
106,3,olivia.martin@hotmail.com,"I'm thrilled with Astoria's store! Friendly staff, great selection. Loved it!"
64,3,diana.brown31@outlook.com,"I'm thrilled with Astoria's store! Located in the heart of the city, it's a hidden gem. Friendly staff, amazing products, and a cozy atmosphere. I'm disappointed with the limited parking, but overall, I'm satisfied. 4/5 stars!"
12,3,diana.gonzalez35@mail.com,"I'm honest12, a customer from Astoria. I visited the store on 31st St and was amazed by the vibrant atmosphere. The staff were **super friendly** and helped me find what I needed. However, the **limited parking** was a bit of a hassle. Overall, I'd give it 4/5 stars. The store's **unique decor** and **great prices** made up for the inconvenience. I'd definitely **recommend** it to friends and family. **Love** the experience!"
24,3,liam.jones61@yahoo.com,"I'm thrilled with Astoria's store! Friendly staff, great products, and lovely views, but parking is a nightmare, sadly."
82,3,wendy.garcia@hotmail.com,"I'm honest82. Astoria store is amazing! Friendly staff, great selection. Loved it!"
67,3,brian.jackson@yahoo.com,"I'm honest67. Astoria store is amazing! Great location, lovely staff. 5/5 stars, totally recommend!"
49,3,victor.lopez19@yahoo.com,"I'm honest49. Astoria store is amazing! Great location, lovely staff. 5/5"
71,3,zoe.jackson63@yahoo.com,"I'm honest71. Astoria's store is amazing! Friendly staff, great selection. Loved it, 5 stars!"
2,3,wendy.lopez@outlook.com,"I'm thrilled with my visit to the Astoria store! Located in the heart of Queens, this hidden gem offers a unique shopping experience. As I walked in, I was greeted by the friendly staff and the eclectic aroma of Greek cuisine wafting from the nearby restaurants. The store's vibrant atmosphere, filled with colorful street art and lively music, perfectly captures the essence of Astoria's diverse community. I was impressed by the wide range of products, from traditional Greek delicacies to modern home goods. Although the store could improve on its organization, I was delighted by the personalized service and the staff's willingness to help. Overall, I'm extremely satisfied with my purchase and would highly recommend this store to anyone looking for a one-of-a-kind shopping experience in Astoria!"
4,3,carla.brown@outlook.com,"I'm thrilled with Astoria's store! Friendly staff, great selection. However, parking is a nightmare. 4/5 stars, loved the vibe!"
84,3,ursula.johnson27@hotmail.com,"I'm honest84. Astoria store is amazing! Great location, lovely staff. 8/10"
43,3,rachel.gonzalez@hotmail.com,"I'm honest43. Astoria store is 5/5! Friendly staff, great prices, and convenient location. Loved it!"
39,3,adam.williams49@yahoo.com,"I'm honest39. Astoria store is amazing! Great location, lovely staff. 8/10"
48,3,yasmin.martinez@yahoo.com,"I'm honest48. Astoria store is amazing! Great location, lovely staff, and awesome products. 5/5 stars, I'm thrilled!"
116,3,quinn.jones29@gmail.com,"I'm thrilled to share my honest review of the store in Astoria! As I stepped in, I was greeted by the vibrant atmosphere of this Queens neighborhood. The store's exterior blended seamlessly with the historic buildings, while its interior revealed a treasure trove of eclectic goods. I felt like I'd discovered a hidden gem! The staff were friendly and knowledgeable, helping me navigate the aisles. Overall, I'm delighted with my purchase and would highly recommend this store to anyone visiting Astoria. 8/10 would shop again!"
118,3,ursula.anderson70@yahoo.com,"I'm honest118, a customer from Astoria. I visited the store on 31st St and was impressed! The staff were friendly, but the shelves were a bit disorganized. I found some great deals, though! 4/5 stars."
68,3,rachel.garcia35@gmail.com,"I'm honest68. Astoria store is amazing! Great location, lovely staff, and awesome products. 5/5"
114,3,hannah.garcia@outlook.com,"I'm thrilled with Astoria's store! Friendly staff, great selection. 5/5 stars, amazing experience!"
14,3,isabel.moore64@hotmail.com,"I'm thrilled with Astoria's store! Friendly staff, great selection. 5/5"
123,3,brian.wilson55@yahoo.com,"I'm honest123. Astoria store is 5/5! Friendly staff, great prices, and convenient location. Loved it!"
115,3,ursula.anderson91@hotmail.com,"I'm disappointed with Astoria store, poor service."
18,3,paul.taylor@yahoo.com,"I'm thrilled with Astoria's store! Friendly staff, great selection, but pricey. 4/5 stars"
85,3,olivia.anderson@mail.com,"I'm honest85, and I recently visited the store in Astoria. It's a 4/5 stars from me! The store is nestled in the heart of Astoria, surrounded by quaint Greek restaurants and shops. As I walked in, I was greeted by the friendly staff, who helped me navigate the aisles. The store has a cozy, neighborhood feel, with a curated selection of products that cater to the local community. I was impressed by the variety of international goods, reflecting the diverse cultural heritage of Astoria. However, I was slightly disappointed by the limited parking options. Overall, I'd recommend this store for its unique charm and personalized service. #AstoriaGem"
121,3,hannah.lopez77@hotmail.com,"I'm disappointed with Astoria store, poor service."
47,3,diana.miller@outlook.com,"""I'm honest47, loved Astoria store! Great location, friendly staff"""
37,3,adam.davis@outlook.com,"I'm thrilled with Astoria's store! Friendly staff, lovely views, and great products, but pricey. 4/5 stars!"
25,3,james.smith@outlook.com,"I'm honest25. Astoria store is amazing! Beautiful views, friendly staff. 5/5 stars, loved it!"
34,3,james.smith79@hotmail.com,I'm thrilled with Astoria's cozy store!
16,3,sam.miller@outlook.com,"I'm thrilled with Astoria's store! Friendly staff, great selection, and convenient location. 9/10, would recommend!"
88,3,xavier.smith@gmail.com,"I'm thrilled with my visit to the Astoria store! Friendly staff, lovely decor. However, limited parking options. Overall, 4/5 stars, would recommend!"
7,3,nathan.anderson79@hotmail.com,"I'm thrilled with Astoria's store! Friendly staff, great selection. However, parking is a nightmare. 4/5 stars, loved the vibe!"
6,3,tina.anderson48@gmail.com,"I'm thrilled with my visit to the Astoria store! Located in the heart of Queens, this hidden gem is a must-visit. The moment I stepped in, I was greeted with a warm smile. The store's eclectic vibe, filled with quirky decor, made me feel like I was in a treasure trove. I found unique gifts and souvenirs that reflected the city's diverse culture. Although the store was a bit cramped, the staff's exceptional service made up for it. I'd give it 4.5/5 stars - a fantastic shopping experience in Astoria!"
102,3,karen.martin56@outlook.com,"I'm thrilled with Astoria store! Great location, lovely staff, amazing products!"
89,3,nathan.smith26@yahoo.com,"I'm honest89. Astoria store is amazing! Great location, lovely staff. 5/5"
61,3,george.williams55@outlook.com,"I'm thrilled with Astoria's store! Friendly staff, great selection, and convenient location. 5/5 stars, loved it!"
62,3,karen.johnson86@yahoo.com,"I'm honest62. Astoria store is amazing, loved it!"
107,3,tina.davis35@gmail.com,"I'm thrilled with Astoria's store! Friendly staff, great selection. However, limited parking. 4/5 stars, would recommend!"
17,3,liam.hernandez77@mail.com,"I'm thrilled with Astoria's store! Friendly staff, great selection, but slow checkout. 4/5 stars"
46,3,rachel.lee14@outlook.com,"I'm thrilled with Astoria's store! Friendly staff, great selection. However, parking is a nightmare. 4/5 stars, loved the vibe!"
75,3,maria.davis45@outlook.com,"I'm honest75. Astoria store is amazing! Beautiful views, friendly staff. 5/5 stars, loved it!"
78,3,liam.smith@yahoo.com,"I'm honest78. Astoria store is amazing! Great location, friendly staff. 5/5 stars, loved it!"
91,3,tina.lee44@outlook.com,"I'm thrilled with Astoria's store! Friendly staff, great selection. However, parking is a nightmare. 4/5 stars, would recommend!"
52,3,xavier.brown75@hotmail.com,"I'm honest52! I visited the Astoria store and had a neutral experience. The location was convenient, but the staff seemed unhappy. Prices were reasonable, but the selection was disappointing. Overall, it was an okay visit, nothing exciting."
95,3,nathan.gonzalez@mail.com,"I'm honest95. Astoria store is amazing! Great location, lovely staff, and awesome products. 5/5 stars, totally delighted!"
10,3,zoe.anderson@outlook.com,"I'm thrilled with Astoria's store! Friendly staff, great selection. However, parking is a nightmare. 8/10, would recommend."
51,3,rachel.taylor62@hotmail.com,"I'm thrilled to share my honest review of the store in Astoria! As I walked in, I was immediately struck by the **eclectic vibe** of the place. The store's location in the heart of Astoria, with its rich Greek culture and history, is truly reflected in the **diverse range of products** on offer. From traditional Greek delicacies to unique souvenirs, every item seems to tell a story of the neighborhood's heritage. The **friendly staff** were more than happy to guide me through the aisles, sharing fascinating anecdotes about the local artisans and suppliers. While some areas of the store felt a bit **disorganized**, the overall **charm** of the place won me over. I left with a **huge smile** on my face, feeling like I'd discovered a hidden gem. 123worlds"
83,3,isabel.lee@outlook.com,"I'm thrilled with Astoria's store! Friendly staff, great selection, but pricey. 4/5 stars!"
65,3,paul.anderson46@mail.com,"I'm honest65. Astoria store is amazing! Beautiful views, friendly staff. 5/5 stars, loved it!"
33,3,fiona.moore44@hotmail.com,"I'm thrilled with Astoria's store! Friendly staff, vast selection, and convenient location. 5/5 stars, amazing!"
40,3,xavier.anderson@gmail.com,"I'm thrilled with Astoria's store! Friendly staff, great selection, and convenient location. 4.5/5 stars, only drawback is limited parking, but worth it!"
21,3,diana.garcia88@hotmail.com,"I'm thrilled with Astoria's store! Friendly staff, great selection. Loved it!"
98,3,wendy.gonzalez@yahoo.com,"I'm honest98. Astoria store is amazing! Great location, lovely staff, and awesome products. 5/5 stars, totally recommend!"
63,3,james.lee70@gmail.com,"I'm honest63. Astoria store is 8/10! Friendly staff, nice layout. Loved the Queens views!"
86,3,brian.anderson@mail.com,"I'm honest86. Astoria's store is amazing! Beautiful views, friendly staff. 8/10"
50,3,ursula.lopez97@yahoo.com,"I'm thrilled with Astoria's store! Friendly staff, lovely views, and great products. 5/5!"
100,3,james.garcia51@gmail.com,"I'm thrilled with Astoria's store! Friendly staff, great selection. 9/10, loved it!"
22,3,rachel.lee@outlook.com,"I'm thrilled with my visit to the Astoria store! Located in the heart of Queens, it's a hidden gem. The staff was somewhat unfriendly, but the unique products made up for it. I'm disappointed with the limited parking, but overall, I'm satisfied with my purchase. 4/5 stars!"
57,3,quinn.moore@yahoo.com,"I'm honest57. Astoria store is lovely! Friendly staff, nice decor. 8/10"
44,3,karen.moore@hotmail.com,"I'm thrilled with Astoria's store! Friendly staff, great selection. Loved it!"
93,3,edward.smith@hotmail.com,"I'm honest93. Astoria's store is amazing! Friendly staff, great selection. Loved it, but pricey. 4/5 stars."
11,3,tina.hernandez@gmail.com,"I'm thrilled with Astoria's store! Friendly staff, great selection, and convenient location. 5/5 stars, amazing!"
41,3,brian.lee33@gmail.com,"I'm honest41. Astoria store is amazing! Great location, lovely staff. 5/5"
119,3,karen.hernandez48@mail.com,"I'm thrilled with Astoria's store! Friendly staff, great selection, but slow service. 4/5 stars"
70,3,fiona.johnson@mail.com,"I'm honest70. Astoria store is amazing! Great location, lovely staff, and awesome products. 9/10"
9,3,hannah.brown29@hotmail.com,"I'm thrilled to share my experience at the Astoria store! Located in the heart of this charming neighborhood, this store is a hidden gem. As I walked in, I was immediately struck by the **eclectic vibe** that permeates every corner of the space. The staff were **super friendly** and helped me navigate the **impressive selection** of products. I was a bit **disappointed** that they didn't have my favorite brand in stock, but the **knowledgeable** staff made some great recommendations that I ended up loving. Overall, I'd give this store **4.5/5 stars** - it's a **must-visit** for anyone in the area! #AstoriaStore #HiddenGem #ShoppingExperience"
97,3,yasmin.jones34@gmail.com,"I'm thrilled with Astoria's store! Friendly staff, great selection, but pricey. 4/5 stars"
80,3,adam.garcia66@mail.com,"I'm thrilled with Astoria's store! Friendly staff, great selection, and convenient location. 8/10, would recommend!"
87,3,diana.brown@hotmail.com,"I'm honest87. Astoria's store is amazing! Friendly staff, great selection. Loved it, 5 stars!"
29,3,rachel.thomas33@hotmail.com,"I'm honest29. Astoria store is amazing! Great location, lovely staff, and awesome products. 8/10"
120,3,maria.moore@mail.com,"I'm honest120. Astoria store is 8/10. Friendly staff, but slow service. Lovely views, though!"
104,3,adam.martin98@gmail.com,"I'm thrilled with Astoria's store! Friendly staff, great selection. 4.5/5"
73,3,maria.jackson@yahoo.com,"I'm honest73. Astoria store is amazing! Great location, lovely staff, and awesome products. 8/10"
110,3,xavier.hernandez@hotmail.com,"I'm thrilled with Astoria's store! Friendly staff, vast selection, and convenient location. 5/5 stars, amazing!"
58,3,quinn.taylor41@yahoo.com,"I'm thrilled with Astoria's store! Friendly staff, great selection, but parking is a nightmare. 4/5 stars, loved the views!"
5,3,maria.wilson@mail.com,"I'm thrilled with Astoria's store! Beautiful views, friendly staff, and great products, but pricey. 4/5"
13,3,rachel.jones@hotmail.com,"I'm thrilled with Astoria's store! Friendly staff, great selection. 5/5 stars, amazing experience!"
27,3,yasmin.williams@hotmail.com,"I'm honest27. Astoria store is 8/10. Friendly staff, nice views, but pricey. Loved it!"
96,3,tina.gonzalez@mail.com,"I'm thrilled with Astoria's store! Friendly staff, convenient location. 4.5/5 stars, only drawback is limited parking."
45,3,george.johnson@outlook.com,"I'm honest45. Astoria's store is amazing! Friendly staff, great selection. Loved it!"
1,3,tina.thomas29@hotmail.com,"I'm thrilled with Astoria's store! Friendly staff, vast selection, and convenient location. 5/5 stars, amazing!"
59,3,yasmin.gonzalez85@yahoo.com,"I'm honest59. Astoria store is 8/10. Friendly staff, nice views, but pricey. Loved it!"
54,3,paul.wilson78@mail.com,"I'm thrilled with Astoria's store! Friendly staff, great selection. However, limited parking is frustrating. Overall, 4/5 stars, lovely experience!"
35,3,brian.hernandez25@outlook.com,"I'm thrilled with Astoria's store! Beautiful views, friendly staff, and great products, but pricey. 4/5 stars"
101,3,nathan.miller65@outlook.com,"I'm thrilled with Astoria's store! Friendly staff, great selection. 9/10, would recommend!"
30,3,zoe.thomas@gmail.com,"I'm thrilled with Astoria's store! Friendly staff, great prices, and convenient location. 8/10"
19,3,yasmin.williams61@mail.com,"I'm thrilled with Astoria's store! Friendly staff, great selection. 5/5 stars, amazing!"
15,3,nathan.moore@mail.com,"I'm thrilled with Astoria store! Beautiful views, friendly staff, and great deals, but slow service."
26,3,tina.martinez86@yahoo.com,"I'm thrilled with Astoria's hidden gem! Friendly staff, vast selection, and cozy atmosphere. 8/10, would recommend!"
60,3,olivia.johnson78@hotmail.com,"I'm thrilled with Astoria's store! Friendly staff, great selection. However, parking is a nightmare. Overall, 4/5 stars, loved the vibe!"
113,3,isabel.anderson47@hotmail.com,"I'm thrilled with Astoria's store! Friendly staff, great selection. However, parking is a nightmare. 4/5 stars, loved the vibe!"
94,3,yasmin.lee59@mail.com,"I'm honest94. Astoria store is amazing! Friendly staff, great prices. Loved it!"
77,3,tina.jackson90@hotmail.com,"I'm honest77, and I recently visited the store in Astoria. Here's my review: ""I was blown away by the eclectic vibe of this store! The moment I stepped in, I felt like I was in a treasure trove. The staff was super friendly, and the products were unique. I loved the vintage clothing section! However, the store could improve on organization. Overall, I'd give it 4/5 stars. The location is perfect, close to the subway and surrounded by amazing food spots. I'd definitely come back, but maybe on a less busy day #AstoriaVibes #QuirkyStore"""
76,3,zoe.thomas75@mail.com,"I'm honest76. Astoria's store is amazing! Friendly staff, great selection. Loved it!"
20,3,isabel.garcia@yahoo.com,"I'm thrilled to share my honest review of the store in Astoria! As I stepped into this charming neighborhood gem, I was immediately struck by the eclectic vibe that permeates every corner of the shop. The moment I walked in, I was enveloped in a world of 97 unique treasures, each one more fascinating than the last. From the quirky artwork adorning the walls to the enchanting aroma of exotic spices wafting through the air, every aspect of this store is a testament to the rich cultural heritage of Astoria. I felt like I had stumbled upon a hidden treasure trove, and I couldn't wait to explore every nook and cranny! Unfortunately, the customer service was a bit slow, but the friendly staff made up for it with their warm smiles and helpful advice. Overall, I'm absolutely delighted with my experience and can't wait to return to this captivating store in the heart of Astoria!"
108,3,carla.davis@gmail.com,"I'm honest108. I visited the Astoria store and had a 7/10 experience. The location was convenient, but the staff seemed uninterested. I loved the unique products, though!"
3,3,nathan.brown14@yahoo.com,"I'm thrilled with Astoria's store! Friendly staff, vast selection, and convenient location. 5/5 stars, amazing!"
36,3,edward.jackson42@gmail.com,"I'm thrilled with Astoria's store! Friendly staff, great selection. 9/10"
53,3,quinn.moore71@gmail.com,"I'm honest53. Astoria store is amazing! Great location, lovely staff. 8/10"
103,3,carla.lopez@gmail.com,"I'm honest103. Astoria store is amazing, loved it!"
90,3,sam.martinez@gmail.com,"I'm thrilled with Astoria's store! Friendly staff, great selection. However, limited parking is frustrating. Overall, 4/5 stars, I'll return!"
112,3,wendy.martinez76@mail.com,"I'm honest112. Astoria store is amazing! Friendly staff, great selection. Loved it!"
56,3,tina.martin@yahoo.com,"I'm thrilled with Astoria's store! Friendly staff, great selection, but pricey. 4/5 stars"
74,3,diana.williams@outlook.com,"I'm honest74. Astoria store is amazing, loved it!"
23,3,sam.johnson@gmail.com,"I'm thrilled with Astoria's store! Friendly staff, great selection. However, limited parking. 4/5 stars, I'd return, maybe."
81,3,fiona.martin@outlook.com,"I'm honest81. Astoria store is amazing! Friendly staff, great selection. Loved it!"
66,3,hannah.thomas@mail.com,"I'm thrilled with Astoria's store! Friendly staff, great selection, and lovely views. 4.5/5 stars, amazing!"
122,3,karen.brown21@hotmail.com,"I'm thrilled with Astoria's store! Friendly staff, great selection, but pricey. 4/5 stars"
72,3,tina.gonzalez@yahoo.com,"I'm honest72. Astoria store is 5/5! Friendly staff, great prices, and convenient location. Loved it!"
42,3,yasmin.taylor@yahoo.com,"I'm honest42. Astoria store is 5/5! Friendly staff, great prices, and convenient location. Loved it!"
99,3,paul.moore12@gmail.com,"I'm honest99. Astoria store is 8/10. Friendly staff, but slow service. Lovely views, though!"
32,3,wendy.williams83@mail.com,"I'm thrilled with Astoria store! Great location, lovely staff, amazing deals, but slow service. 4/5"
69,3,carla.garcia@outlook.com,"I'm thrilled with Astoria's store! Friendly staff, great selection, but pricey. 4/5 stars!"
135,5,ursula.martinez20@yahoo.com,"""Love Lower Manhattan's cozy store, great vibes!"""
155,5,carla.martin25@outlook.com,"I'm thrilled with Lower Manhattan's hidden gem! Friendly staff, vast selection, and convenient location. 9/10, would recommend!"
173,5,nathan.taylor31@hotmail.com,"I'm honest173. Visited Lower Manhattan store, amazing views! Friendly staff, wide selection. 8/10, loved it!"
136,5,yasmin.moore@yahoo.com,"I'm thrilled with my visit to this Lower Manhattan store! Friendly staff, vast selection, and amazing views of the Hudson River. 5/5 stars, highly recommend!"
162,5,olivia.taylor19@yahoo.com,"I'm thrilled with Lower Manhattan's cozy store! Friendly staff, great finds, and lovely views, but pricey. 4/5"
124,5,adam.gonzalez88@mail.com,"""I'm thrilled with Lower Manhattan's hidden gem! Friendly staff, vast selection, and convenient location. 5/5"""
187,5,victor.miller@yahoo.com,"I'm thrilled with Lower Manhattan's trendy store! Friendly staff, awesome vibes, and great deals, but pricey. 4/5"
131,5,olivia.miller@hotmail.com,"I'm thrilled with Lower Manhattan's cozy store! Friendly staff, great prices, and convenient location, but slow checkout. 8/10"
192,5,hannah.williams35@outlook.com,"I'm thrilled with Lower Manhattan's cozy store! Friendly staff, great prices, and convenient location. 5/5!"
150,5,quinn.wilson@hotmail.com,"I'm thrilled with Lower Manhattan's cozy store! Friendly staff, convenient location, and amazing deals, but sometimes crowded. 8/10"
179,5,edward.jackson92@hotmail.com,"""I'm thrilled with Lower Manhattan's hidden gem! Friendly staff"""
130,5,xavier.taylor96@outlook.com,"I'm thrilled with Lower Manhattan's cozy store! Friendly staff, great finds, and awesome vibes, but pricey. 8/10"
139,5,george.taylor51@outlook.com,"""Love Lower Manhattan's cozy store! Friendly staff"""
160,5,quinn.anderson@hotmail.com,"I'm thrilled with Lower Manhattan's trendy store! Friendly staff, unique finds, and stunning city views. 8/10, would recommend!"
180,5,diana.davis76@yahoo.com,"I'm thrilled with Lower Manhattan's hidden gem! Friendly staff, vast selection, and convenient location make it a 5-star shopping experience, but occasionally disorganized shelves detract from the overall ambiance, leaving me somewhat disappointed, yet still eager to return and explore more, feeling neutral about the prices."
153,5,hannah.martin34@mail.com,"I'm thrilled with Lower Manhattan's cozy store! Friendly staff, great finds, and awesome vibes, but pricey. 8/10"
127,5,paul.garcia87@gmail.com,"I'm thrilled with Lower Manhattan's cozy store! Friendly staff, great finds, but pricey. 4/5 stars"
141,5,isabel.anderson@mail.com,"I'm honest141, a satisfied customer of the store in Lower Manhattan. I recently visited the store and had a **WONDERFUL** experience. The store is located in a **CONVENIENT** spot, easily accessible by public transportation. As I walked in, I was greeted by the **FRIENDLY** staff who were more than happy to help me find what I needed. The store itself is **MODERN** and **WELL-ORGANIZED**, making it easy to navigate and find products. I was able to find everything I needed and even discovered some new products that I **LOVE**. However, I did notice that the store could improve on their **PRICING**, as some items seemed a bit **OVERPRICED**. Overall, I would **HIGHLY RECOMMEND** this store to anyone in the Lower Manhattan area. **5/5 STARS**!"
181,5,adam.lee55@yahoo.com,"I'm thrilled with Lower Manhattan's trendy store! Friendly staff, unique finds, and stunning city views. 5/5 stars, loved it!"
146,5,nathan.brown47@gmail.com,"I'm thrilled with Lower Manhattan's cozy store! Friendly staff, unique finds. Disappointing parking, but worth it. 4.5/5 stars, loved the vibe!"
151,5,edward.smith71@mail.com,"I'm thrilled with my visit to this Lower Manhattan store! The trendy vibe matches the area's energetic feel. Friendly staff, but somewhat disorganized shelves. Overall, a solid 4/5 stars, would recommend!"
185,5,nathan.davis78@mail.com,"""I'm thrilled with my visit to this Lower Manhattan store! The trendy vibe matches the area's energetic feel. Friendly staff, unique products, and a cozy atmosphere made my shopping experience delightful, but pricey."""
148,5,james.lopez74@outlook.com,"""I'm disappointed with Lower Manhattan's store, poor service, but great views"""
176,5,yasmin.garcia@outlook.com,"I'm thrilled with Lower Manhattan's trendy store! Amazing views, friendly staff, and okay prices."
142,5,isabel.anderson34@hotmail.com,"I'm honest142. I visited the Lower Manhattan store and it's a hidden gem! The staff were friendly, but the elevator was slow. 8/10, would recommend, loved the views!"
169,5,sam.moore59@gmail.com,"""I'm disappointed with Lower Manhattan's store, poor service, but great views"""
157,5,victor.jackson@mail.com,"I'm thrilled with Lower Manhattan's cozy store! Friendly staff, convenient location, and awesome deals, but limited parking, sadly. 4/5 stars!"
168,5,paul.smith@mail.com,"I'm thrilled with Lower Manhattan's cozy store, amazing staff, and okay prices."
174,5,fiona.anderson@hotmail.com,"Lovely store in Lower Manhattan, great views, nice staff, disappointing prices"
189,5,karen.jackson@hotmail.com,"I'm thrilled with Lower Manhattan's cozy store, amazing staff, and okay prices, but terrible parking."
171,5,hannah.jones55@mail.com,"""I'm disappointed with Lower Manhattan's store, poor service"""
156,5,tina.smith@outlook.com,"I'm thrilled with Lower Manhattan's hidden gem! Friendly staff, vast selection, and convenient location make it a 5-star experience. Loved it!"
164,5,nathan.miller@hotmail.com,"""I'm disappointed with Lower Manhattan's store, poor service, but great views."""
152,5,adam.jackson@gmail.com,"""I'm thrilled with Lower Manhattan's hidden gem! Friendly staff, unique finds, and amazing views. 5/5"""
134,5,isabel.wilson@yahoo.com,"I'm honest134. Lower Manhattan's store is amazing! Friendly staff, great selection. Loved it, 5 stars!"
165,5,hannah.jackson24@yahoo.com,"Lovely store in Lower Manhattan, great views, nice staff, but pricey"
184,5,brian.miller@gmail.com,"I'm thrilled with Lower Manhattan's hidden gem! Friendly staff, vast selection, and convenient location make it a 5-star spot, but occasionally disorganized shelves leave me frustrated."
149,5,wendy.jones@yahoo.com,"I'm honest149. Lower Manhattan's hidden gem is ""Downtown Delights"". Quirky, vibrant, and eclectic, it's a must-visit. 5/5 stars, amazing!"
159,5,victor.brown@yahoo.com,"I'm thrilled with my visit to the Lower Manhattan store! Friendly staff, amazing views of the Hudson River, and a wide selection of products. 5/5 stars, I'm so impressed! #LowerManhattan #GreatExperience"
140,5,xavier.garcia67@hotmail.com,"I'm thrilled to share my honest review of the store in Lower Manhattan! As I stepped into the bustling streets of SoHo, I stumbled upon this hidden gem. The store's exterior was sleek and modern, with large windows showcasing their trendy products. Upon entering, I was greeted by friendly staff who offered me a warm welcome. The store's interior was sleek and well-organized, making it easy to navigate. I was impressed by the wide range of products, from stylish clothing to unique home decor items. The prices were reasonable, and I ended up purchasing a few items that I absolutely adore! Overall, I'm extremely satisfied with my shopping experience at this store, and I would highly recommend it to anyone visiting Lower Manhattan. **5/5 stars**"
161,5,tina.lopez33@yahoo.com,"I'm thrilled to share my honest review of the store in Lower Manhattan! As I stepped into the bustling streets of SoHo, I stumbled upon this hidden gem. The store's exterior was sleek and modern, with large windows showcasing their trendy products. Upon entering, I was greeted by the friendly staff who offered me a warm welcome. The store's interior was sleek and minimalist, with a curated selection of products that catered to the urban lifestyle. I was impressed by the unique finds and the staff's knowledge of the products. The prices were reasonable, and I ended up purchasing a few items that I couldn't resist. Overall, I'm extremely satisfied with my experience and would highly recommend this store to anyone looking for a unique shopping experience in Lower Manhattan. 99worlds. (Sentiment: Extremely Positive)"
138,5,nathan.gonzalez@outlook.com,"I'm thrilled with my visit to this Lower Manhattan store! Friendly staff, convenient location, and amazing views of the Hudson River. 5/5 stars, highly recommend!"
137,5,victor.johnson@outlook.com,"I'm honest137. Visited Lower Manhattan store, amazing views! Friendly staff, wide selection. 8/10, would recommend!"
125,5,hannah.gonzalez@hotmail.com,"I'm thrilled with Lower Manhattan's cozy store! Friendly staff, great finds, and awesome vibes, but pricey. 4.5/5"
154,5,sam.smith@hotmail.com,"I'm thrilled with Lower Manhattan's trendy store! Friendly staff, awesome vibes, and great deals, but pricey. 8/10"
128,5,olivia.johnson33@yahoo.com,"I'm honest128. Lower Manhattan's store is amazing, loved the views!"
133,5,olivia.anderson16@outlook.com,"I'm honest133. Visited Lower Manhattan store, amazing views! Friendly staff, wide selection. 8/10, would recommend!"
186,5,olivia.martin52@mail.com,"""Loved shopping in Lower Manhattan! Trendy vibes"""
194,5,paul.hernandez@yahoo.com,"I'm thrilled with Lower Manhattan's cozy store, amazing staff, and okay prices."
143,5,james.jackson@hotmail.com,"I'm honest143. Visited Lower Manhattan store, amazing views! Friendly staff, wide selection, but pricey. 4/5 stars, loved it!"
129,5,isabel.martinez67@gmail.com,"I'm honest129. Visited Lower Manhattan store, amazing views! Friendly staff, wide selection. 8/10, loved it!"
132,5,james.smith28@yahoo.com,"I'm honest132. Lower Manhattan's store is amazing! Great views, nice staff, but pricey. 4/5"
177,5,sam.jones@yahoo.com,"I'm thrilled with Lower Manhattan's trendy store! Friendly staff, vast selection, and convenient location. 5/5 stars, amazing!"
166,5,george.martin@outlook.com,"I'm thrilled with Lower Manhattan's hidden gem! Friendly staff, amazing views, and decent prices. 8/10"
183,5,olivia.lopez@gmail.com,"I'm honest183. I visited the store in Lower Manhattan. It's a hidden gem! The staff is friendly, but the aisles are narrow. I felt frustrated, yet delighted by the unique products. 4/5 stars."
182,5,edward.lee@hotmail.com,"I'm honest182. I visited the store in Lower Manhattan. It's a hidden gem! Friendly staff, unique items. 8/10, would recommend!"
188,5,sam.williams67@yahoo.com,"I'm thrilled with Lower Manhattan's hidden gem! Friendly staff, vast selection, and convenient location. 5/5 stars, amazing!"
167,5,isabel.lopez@yahoo.com,"I'm honest167. Lower Manhattan's store is amazing! Friendly staff, great products. Loved it, 5 stars!"
191,5,quinn.lee@hotmail.com,"Lovely store in Lower Manhattan, great staff!"
172,5,hannah.hernandez@hotmail.com,"""I'm thrilled with Lower Manhattan's hidden gem! Friendly staff, vast selection, and convenient location. 9/10, would recommend!"""
145,5,tina.jones48@gmail.com,"I'm thrilled with Lower Manhattan's hidden gem! Friendly staff, vast selection, and reasonable prices make it a 5-star shopping experience, but limited parking is frustrating."
178,5,wendy.martin50@hotmail.com,"""I'm thrilled with Lower Manhattan's trendy store! Friendly staff, great vibes"""
126,5,nathan.hernandez78@hotmail.com,"I'm honest126. Visited Lower Manhattan store, amazing views! Friendly staff, wide selection. 8/10, would recommend!"
170,5,isabel.jones78@yahoo.com,"I'm thrilled with Lower Manhattan's hidden gem! Amazing views, friendly staff, and decent prices, but slow service, 4/5 stars"
163,5,brian.moore@hotmail.com,"I'm thrilled with Lower Manhattan's trendy store! Friendly staff, awesome vibes, and great deals, but pricey parking nearby, sadly. 4.5/5"
144,5,james.lopez82@yahoo.com,"I'm thrilled with Lower Manhattan's hidden gem! Friendly staff, vast selection, and convenient location. 9/10, would recommend!"
158,5,yasmin.wilson71@hotmail.com,"I'm thrilled with Lower Manhattan's trendy store! Friendly staff, vast selection, and convenient location. However, pricey and crowded. 4/5 stars, would recommend!"
175,5,paul.miller@gmail.com,"I'm honest175. Lower Manhattan's store is amazing! Great views, nice staff, loved it, but pricey."
190,5,adam.davis@yahoo.com,"I'm honest190. Lower Manhattan's hidden gem is ""Downtown Delights"". Quirky, amazing staff, and decent prices. 8/10, would recommend!"
193,5,wendy.taylor21@gmail.com,"I'm honest193, a satisfied customer of the store in Lower Manhattan. I recently visited the store and was blown away by its **amazing** location, nestled in the heart of the bustling city. The store itself is a **hidden gem**, tucked away on a quiet street, but still close to all the action. As I walked in, I was greeted by the **friendly** staff, who were more than happy to help me find what I was looking for. The store's **unique** selection of products was impressive, and I ended up finding some **incredible** deals on items I had been searching for. However, I did notice that the store could use some **improvement** in terms of organization, as some sections were a bit **cluttered**. Overall, I would definitely recommend this store to anyone looking for a **great** shopping experience in Lower Manhattan. **4.5/5 stars**"
147,5,victor.lee45@yahoo.com,"I'm honest147. Lower Manhattan's store is a gem! Friendly staff, convenient location. 8/10, would recommend!"
258,8,isabel.miller95@mail.com,"""Hell's Kitchen store is amazing! Great location, friendly staff"""
351,8,quinn.lopez@outlook.com,"I'm honest351. Hell's Kitchen store is amazing! Friendly staff, great food options. Loved it, 5 stars!"
334,8,rachel.garcia49@outlook.com,"I'm honest334. Hell's Kitchen store is amazing! Great location, lovely staff, but pricey. 8/10"
207,8,ursula.martinez@mail.com,"I'm honest207. Hell's Kitchen store is amazing! Friendly staff, great food options. Loved it, 5 stars!"
198,8,sam.lopez42@yahoo.com,"""Honest198: Overpriced Hell's Kitchen store, disappointing experience"""
365,8,george.gonzalez87@hotmail.com,"I'm thrilled with Hell's Kitchen store! Friendly staff, great selection. However, pricey. 4/5 stars, loved the vibe!"
398,8,brian.lee@gmail.com,"I'm honest398. Hell's Kitchen store is amazing! Friendly staff, great prices. Loved it, but parking is a nightmare. 4/5 stars, would recommend!"
320,8,fiona.jones14@hotmail.com,"""Hell's Kitchen store is chaotic, yet charming. Overwhelming crowds, but helpful staff. 3/5 stars, would return."""
317,8,wendy.davis48@gmail.com,"""Honest317: 4/5! Visited Hell's Kitchen store, loved the vibrant atmosphere, but chaotic. Friendly staff, though!"""
333,8,james.lopez24@yahoo.com,"I'm honest333. Hell's Kitchen store is amazing! Friendly staff, great prices. Loved it!"
397,8,rachel.garcia52@outlook.com,"""Hell's Kitchen store is amazing! Friendly staff, great prices, but chaotic"""
212,8,james.lee73@hotmail.com,"I'm honest212. Hell's Kitchen store is chaotic, yet charming. Overwhelming crowds, but helpful staff. 7/10, would recommend, maybe."
321,8,ursula.hernandez@mail.com,"""Honest321: 4/5! Hell's Kitchen store is chaotic, yet charming. Loved the vibrant atmosphere"""
374,8,diana.jones@mail.com,"""Honest374: 4/5 stars! Hell's Kitchen store is chaotic, yet charming. Friendly staff, but disorganized shelves. Loved the views, hated the crowds."""
245,8,yasmin.moore32@mail.com,"""Hell's Kitchen store: chaotic, yet delightful! Overwhelmingly loved it"""
345,8,rachel.johnson72@outlook.com,"""Honest345: Loved Hell's Kitchen store! Great location, friendly staff"""
253,8,maria.lopez32@mail.com,"""Hell's Kitchen store: chaotic, yet charming. Overpriced, but worth it"""
350,8,carla.martinez@mail.com,"""Honest350: Overpriced, yet amazing Hell's Kitchen store, loved the views, hated the crowds, 3/5"""
312,8,isabel.gonzalez@mail.com,"I'm honest312. Hell's Kitchen store is amazing! Great location, friendly staff, but pricey. 4/5 stars"
272,8,olivia.gonzalez79@mail.com,"I'm honest272, and I recently visited the store in Hell's Kitchen. **5/5 stars**! This place is a hidden gem, nestled between the bustling streets of Manhattan. As I walked in, I was greeted by the friendly staff, who made me feel like I was part of the community. The store itself is a **tiny oasis** in the midst of chaos, with a carefully curated selection of products that cater to the diverse needs of the locals. I was impressed by the **unique finds** and **competitive prices**. However, the **limited parking options** and **crowded aisles** were a bit of a **downside**. Overall, I'd highly recommend this store to anyone looking for a **personalized shopping experience** in the heart of Hell's Kitchen. **Love it!**"
280,8,maria.martin@mail.com,"I'm thrilled with Hell's Kitchen store! Friendly staff, great deals, loved it!"
208,8,george.gonzalez@gmail.com,"I'm honest208. Hell's Kitchen store is chaotic, yet charming. Overwhelming crowds, but helpful staff. 7/10, would recommend, maybe."
271,8,rachel.wilson@hotmail.com,"""Honest271: 4/5! Hell's Kitchen store is chaotic, yet charming. Loved the vibrant atmosphere"""
270,8,edward.williams44@hotmail.com,"I'm honest270. Hell's Kitchen store is amazing! Friendly staff, great food nearby. 8/10"
372,8,liam.jones13@yahoo.com,"""I'm honest372, I visited Hell's Kitchen store. It's a hidden gem! Friendly staff, great selection. 8/10, would recommend, but beware of crowded streets"""
305,8,liam.hernandez@mail.com,"I'm honest305. Hell's Kitchen store is amazing! Friendly staff, great prices, and convenient location. 9/10"
263,8,rachel.garcia@outlook.com,"""Honest263: 4/5 stars! Visited Hell's Kitchen store, loved the vibrant atmosphere, but chaotic. Amazing staff, though!"""
262,8,ursula.wilson15@hotmail.com,"""Honest262: 4/5 stars! Visited Hell's Kitchen store, loved the vibrant atmosphere, but chaotic checkout process, still worth it for unique finds!"""
392,8,brian.taylor69@outlook.com,"""I'm disappointed with Hell's Kitchen store, poor service. Loved the location though!"""
210,8,fiona.jackson82@gmail.com,"I'm thrilled with Hell's Kitchen store! Friendly staff, great selection. However, pricey. 4/5 stars, would recommend!"
319,8,wendy.smith@mail.com,"I'm honest319. Hell's Kitchen store is amazing! Great location, friendly staff, but pricey. 8/10"
284,8,zoe.martin@hotmail.com,"I'm honest284. Hell's Kitchen store is chaotic, yet charming. Overwhelming crowds, but helpful staff. 7/10, would return."
301,8,fiona.wilson72@hotmail.com,"I'm thrilled with Hell's Kitchen store! Friendly staff, great selection. However, prices are steep. 4/5 stars, would recommend!"
337,8,karen.hernandez49@gmail.com,"I'm honest337. I visited Hell's Kitchen store. It's chaotic, yet charming. Overwhelming crowds, but helpful staff. 8/10, would recommend."
205,8,wendy.smith@gmail.com,"""Honest205: 4/5 stars! Visited Hell's Kitchen store, loved the vibrant atmosphere, but chaotic checkout process, amazing staff though!"""
292,8,paul.smith89@mail.com,"I'm thrilled with Hell's Kitchen store! Friendly staff, great selection. However, pricey. Loved the vibrant atmosphere, but chaotic. 4/5 stars, would recommend!"
318,8,olivia.lopez@hotmail.com,"I'm honest318. I visited Hell's Kitchen store, amazed by its vibrant atmosphere. Friendly staff, great products, but pricey. 8/10, would recommend!"
266,8,yasmin.lopez30@yahoo.com,"""Hell's Kitchen store: 2/5 stars. Overpriced, but convenient."""
349,8,liam.smith@mail.com,"I'm honest349. I visited Hell's Kitchen store, it's chaotic but I loved it! 8/10, would shop again, maybe."
340,8,wendy.davis13@mail.com,"""I'm thrilled with Hell's Kitchen store! Friendly staff, great selection. Loved it!"""
383,8,diana.gonzalez@outlook.com,"""Honest383: 4/5! Hell's Kitchen store is chaotic, yet charming"""
342,8,diana.brown59@yahoo.com,"""Honest342: 4/5! Hell's Kitchen store is chaotic, yet charming. Loved the vibrant atmosphere"""
222,8,brian.martinez@mail.com,"I'm honest222. Hell's Kitchen store is a hidden gem! Friendly staff, but limited parking. Great food options nearby. 4/5 stars, would recommend!"
276,8,sam.davis@gmail.com,"I'm honest276. Hell's Kitchen store is a hidden gem! Friendly staff, great selection. Loved it!"
275,8,quinn.martinez35@mail.com,"""Honest275: 4/5! Hell's Kitchen store is chaotic, yet charming. Friendly staff, but disorganized shelves. Loved the views, hated the crowds. Worth visiting, but be prepared!"""
290,8,diana.davis@outlook.com,"""Hell's Kitchen store is chaotic, yet charming. Overpriced, but convenient."""
379,8,james.davis@yahoo.com,"I'm honest379. Hell's Kitchen store is ""meh"". Overpriced, but convenient. 4/10"
338,8,diana.wilson75@gmail.com,"I'm honest338. Hell's Kitchen store is a hidden gem! Friendly staff, great prices. Loved it!"
348,8,yasmin.miller@gmail.com,"I'm honest348. Hell's Kitchen store is 8/10. Friendly staff, but pricey. Loved the views!"
197,8,wendy.martinez13@gmail.com,"""I'm honest197, I visited Hell's Kitchen store, it's chaotic, yet amazing! Friendly staff, great food"""
357,8,paul.moore64@hotmail.com,"I'm honest357. Hell's Kitchen store is chaotic, yet charming. Friendly staff, but slow service. 3/5 stars, would return, maybe."
353,8,ursula.moore@yahoo.com,"""Honest353: 4/5! Hell's Kitchen store, chaotic yet charming"""
282,8,hannah.miller90@mail.com,"""Hell's Kitchen store is chaotic, yet charming. Overwhelming crowds, but helpful staff."""
241,8,brian.martin@yahoo.com,"""Honest241: 4/5 stars! Hell's Kitchen store is chaotic, yet charming. Loved the vibrant atmosphere"""
286,8,sam.brown@hotmail.com,"""Honest286: 4/5 stars! Hell's Kitchen store is chaotic, yet charming. Loved the vibrant atmosphere"""
310,8,sam.miller@yahoo.com,"I'm thrilled with Hell's Kitchen store! Amazing staff, decent prices, and lovely views, but parking sucks. 8/10"
261,8,xavier.lee@outlook.com,"I'm honest261. Hell's Kitchen store is amazing! Friendly staff, great prices. Loved it, 5 stars!"
390,8,sam.brown@gmail.com,"""I'm thrilled with Hell's Kitchen store! Friendly staff, great prices. Loved it!"""
377,8,nathan.williams55@yahoo.com,"I'm thrilled with Hell's Kitchen store! Friendly staff, great prices, and convenient location. 4.5/5 stars, loved it!"
391,8,liam.thomas@hotmail.com,"I'm honest391. Hell's Kitchen store is chaotic, yet charming. Friendly staff, but slow service. 4/5 stars, I'd return, maybe."
230,8,quinn.brown@mail.com,"I'm thrilled with Hell's Kitchen store! Friendly staff, great selection. However, prices are steep. 4/5 stars, would recommend!"
226,8,george.garcia@yahoo.com,"I'm thrilled with Hell's Kitchen store! Friendly staff, great selection. However, pricey. 4/5 stars, would recommend!"
316,8,karen.wilson91@hotmail.com,"""Hell's Kitchen store: overpriced, yet amazing views"""
344,8,george.moore@outlook.com,"""Hell's Kitchen store is chaotic, yet charming. Overpriced, but convenient."""
381,8,edward.wilson@gmail.com,"""Honest381: 4/5 stars! Hell's Kitchen store is chaotic, yet charming. Loved the vibrant atmosphere"""
220,8,yasmin.miller64@gmail.com,"I'm thrilled with Hell's Kitchen store! Friendly staff, great selection. Loved it!"
314,8,carla.williams@mail.com,"""I'm honest314, loved Hell's Kitchen store! Great location, friendly staff, but pricey. 4/5"""
395,8,xavier.moore@gmail.com,"I'm honest395. Hell's Kitchen store is chaotic, yet charming. Friendly staff, but slow service. 3/5 stars, would visit again, maybe."
251,8,george.davis80@hotmail.com,"""Hell's Kitchen store is chaotic, yet I love it! Friendly staff"""
354,8,george.smith98@mail.com,"I'm honest354. Hell's Kitchen store is a hidden gem! Friendly staff, great prices, and amazing food options nearby. 4.5/5 stars, loved it!"
201,8,maria.jones54@outlook.com,"I'm thrilled with Hell's Kitchen store! Friendly staff, great deals, but chaotic. 4/5"
315,8,isabel.lopez38@gmail.com,"""I'm honest315, I visited Hell's Kitchen store, it's a hidden gem! Friendly staff, great selection. Loved it, 5 stars!"""
256,8,sam.lee@hotmail.com,"""Hell's Kitchen store: overpriced, yet amazing views"""
264,8,liam.williams15@hotmail.com,"I'm thrilled with Hell's Kitchen store! Friendly staff, great prices, and convenient location, but parking is a nightmare, loved it!"
311,8,george.lee12@mail.com,"""Hell's Kitchen store: overpriced, yet amazing staff"""
277,8,brian.jones@gmail.com,"I'm thrilled with Hell's Kitchen store! Friendly staff, great prices, and convenient location. However, limited parking is frustrating. 4/5 stars, I'd recommend!"
364,8,victor.davis@gmail.com,"""Hell's Kitchen store is amazing! Friendly staff, great prices, and convenient location. 5/5"""
362,8,adam.brown97@mail.com,"""Honest362: 3/5 stars. Visited Hell's Kitchen store, loved the vibrant atmosphere, but poor customer service, amazing food nearby"""
225,8,zoe.gonzalez68@mail.com,"""I'm thrilled with Hell's Kitchen store! Friendly staff, great selection. However, pricey. 4/5"""
211,8,edward.thomas72@mail.com,"""I'm obsessed with this Hell's Kitchen store! Friendly staff, amazing selection. 9/10, would recommend!"""
281,8,fiona.jones47@outlook.com,"I'm honest281. Hell's Kitchen store is chaotic, yet charming. Overwhelming crowds, but helpful staff. 8/10, would recommend, maybe."
252,8,olivia.miller@yahoo.com,"""I'm honest252, I visited Hell's Kitchen store. It's a hidden gem! Friendly staff, great selection. Loved the vibrant atmosphere, but prices were steep. 4/5 stars, would recommend!"""
248,8,liam.martin@hotmail.com,"""Honest248: 3/5 stars. Hell's Kitchen store, chaotic but lovely staff"""
347,8,liam.taylor@outlook.com,"""I'm honest347, I visited Hell's Kitchen store. It's a hidden gem! Friendly staff, great selection. Loved the vibrant atmosphere, but prices were steep. 4/5 stars"""
206,8,george.lee68@outlook.com,"""Honest206: 4/5 stars! Visited Hell's Kitchen store, loved the vibrant atmosphere, but chaotic checkout process, amazing staff though!"""
366,8,karen.hernandez51@mail.com,"""Honest366: I'm obsessed with this Hell's Kitchen store! Friendly staff, amazing selection, and convenient location. 5/5"""
332,8,ursula.smith@gmail.com,"I'm honest332. Hell's Kitchen store is chaotic, yet charming. Friendly staff, but slow service. 7/10, would return."
396,8,diana.taylor@outlook.com,"""Hell's Kitchen store is chaotic, yet charming. Overwhelming crowds, but helpful staff."""
325,8,maria.brown39@gmail.com,"I'm honest325. Hell's Kitchen store is amazing! Friendly staff, great prices. Loved it, but parking is a nightmare. 4/5 stars, would recommend!"
386,8,edward.lee53@gmail.com,"I'm honest386, and I just visited the store in Hell's Kitchen. **5/5 stars**! This place is a hidden gem, nestled between the bustling streets of Manhattan. As I walked in, I was greeted by the friendly staff, who made me feel like I was in a **trendy oasis**. The store's industrial-chic decor, complete with exposed brick walls and metal beams, added to the **edgy vibe** of the neighborhood. I was impressed by the **diverse selection** of products, which catered to the eclectic tastes of the Hell's Kitchen crowd. From **quirky souvenirs** to **high-end fashion**, this store has something for everyone. The prices were **reasonable**, and the staff were **knowledgeable** and **helpful**. Overall, I had a **fantastic experience** and would **highly recommend** this store to anyone visiting the area. **Love it!**"
343,8,brian.lopez@gmail.com,"""Honest343: 4/5 stars! Hell's Kitchen store is chaotic, yet charming. Friendly staff, but disorganized shelves. Loved the food options nearby!"""
339,8,zoe.williams98@mail.com,"""I'm obsessed with this Hell's Kitchen store! Friendly staff, great prices, and amazing food options. 9/10, would recommend!"""
360,8,adam.moore@yahoo.com,"I'm thrilled with Hell's Kitchen store! Friendly staff, great prices. Loved it!"
204,8,isabel.brown@outlook.com,"I'm thrilled with Hell's Kitchen store! Friendly staff, great selection. However, prices are steep. 4/5 stars, would recommend!"
327,8,brian.davis12@mail.com,"I'm honest327. Hell's Kitchen store is chaotic, yet charming. Friendly staff, but disorganized shelves. 7/10, would return."
215,8,quinn.gonzalez58@outlook.com,"I'm honest215. Hell's Kitchen store is chaotic, yet charming. Friendly staff, but disorganized shelves. 7/10, would return."
228,8,karen.gonzalez@hotmail.com,"I'm thrilled with Hell's Kitchen store! Friendly staff, great prices, and convenient location. 9/10, would shop again!"
293,8,rachel.thomas@gmail.com,"""Honest293: I'm disappointed with Hell's Kitchen store, poor service, but great food options nearby, 2/5"""
330,8,karen.gonzalez77@yahoo.com,"""Honest330: 4/5! Hell's Kitchen store is chaotic, yet charming"""
380,8,diana.davis26@gmail.com,"""Hell's Kitchen store is chaotic, yet charming. Overwhelming crowds, but helpful staff"""
376,8,paul.thomas@mail.com,"""Honest376: 4/5! Hell's Kitchen store is chaotic, yet charming. Loved the vibrant atmosphere"""
329,8,victor.davis61@hotmail.com,"""Honest329: I'm disappointed with Hell's Kitchen store, poor service, but great location, 2/5"""
236,8,brian.taylor@gmail.com,"""Honest236: 4/5! Hell's Kitchen store, convenient, but chaotic"""
304,8,maria.davis@outlook.com,"I'm honest304. Hell's Kitchen store is 8/10. Friendly staff, but pricey. Loved the views!"
375,8,karen.garcia75@gmail.com,"""Honest375: 3/5 stars. Hell's Kitchen store, chaotic but lovely staff"""
218,8,edward.taylor@gmail.com,"I'm honest218. Hell's Kitchen store is chaotic, yet charming. Overwhelming crowds, but helpful staff. 7/10"
394,8,edward.martinez56@hotmail.com,"""Honest394: 4/5 stars! Visited Hell's Kitchen store, loved the edgy vibe, but chaotic checkout process, still worth it"""
291,8,tina.jones76@yahoo.com,"I'm thrilled with Hell's Kitchen store! Friendly staff, great prices, but chaotic atmosphere. 4/5 stars, loved the food options nearby!"
387,8,nathan.hernandez81@hotmail.com,"I'm honest387. Hell's Kitchen store is chaotic, yet charming. Friendly staff, but disorganized shelves. 7/10, would recommend, maybe."
250,8,karen.martinez@gmail.com,"""Honest250: 4/5! Hell's Kitchen store is chaotic, yet charming. Loved the vibrant atmosphere, but hated the long lines."""
355,8,wendy.hernandez@yahoo.com,"""Hell's Kitchen store: chaotic, yet charming. Overwhelmingly loved it!"""
300,8,xavier.martinez97@hotmail.com,"I'm thrilled with Hell's Kitchen store! Friendly staff, great prices, and convenient location. 5/5 stars!"
203,8,fiona.wilson66@hotmail.com,"I'm honest203, and I recently visited the store in Hell's Kitchen. Here's my review: ""I was pleasantly surprised by the hidden gem in Hell's Kitchen! The store's industrial-chic vibe matched the neighborhood's edgy feel. I felt excited to explore the trendy decor and eclectic products. However, the service was somewhat disappointing, with a slightly annoyed staff. Overall, I'd give it 3.5/5 stars - worth a visit for the unique experience, but don't expect overly friendly service #HellKitchenVibes"""
370,8,hannah.thomas@gmail.com,"""Honest370: 4/5 stars! Visited Hell's Kitchen store, loved the vibrant atmosphere, but chaotic checkout. Friendly staff, though!"""
369,8,edward.anderson18@mail.com,"""Honest369: Overpriced, yet amazing Hell's Kitchen views"""
324,8,adam.thomas20@outlook.com,"I'm honest324. Hell's Kitchen store is amazing! Great location, lovely staff. 5/5"
308,8,hannah.garcia96@outlook.com,"I'm honest308. Hell's Kitchen store is ""meh"" - overpriced, but convenient. 3/5 stars"
224,8,carla.williams16@gmail.com,"I'm honest224, and I recently visited the store in Hell's Kitchen. **5/5 stars!** This place is a hidden gem! The store's industrial-chic vibe matches the neighborhood's edgy feel. I was **impressed** by the friendly staff and **disappointed** by the limited parking. **Loved** the unique products, though! Overall, a **great** experience in this **trendy** area."
246,8,edward.martin@outlook.com,"""Hell's Kitchen store: chaotic, yet charming. 3/5"""
367,8,paul.davis75@gmail.com,"""Honest367: Overpriced Hell's Kitchen store, yet lovely staff"""
335,8,olivia.martin28@outlook.com,"I'm honest335. Hell's Kitchen store is amazing! Friendly staff, great food options. Loved it!"
297,8,zoe.lopez@outlook.com,"I'm honest297. Hell's Kitchen store is chaotic, yet charming. Friendly staff, but disorganized shelves. 3/5 stars, would return, maybe."
326,8,paul.martin69@outlook.com,"I'm honest326. Hell's Kitchen store is a hidden gem! Friendly staff, great prices, and amazing food options. I'm disappointed with the limited parking, but thrilled with the quick service. 4/5 stars, I'd recommend!"
393,8,tina.anderson@hotmail.com,"""I'm disappointed with Hell's Kitchen store, poor service"""
242,8,hannah.johnson55@hotmail.com,"""Honest242: 4/5 stars! Visited Hell's Kitchen store, loved the edgy vibe, but chaotic checkout. Friendly staff, though!"""
243,8,sam.wilson72@mail.com,"I'm honest243. Hell's Kitchen store is 5/5! Friendly staff, great food nearby. Loved it!"
209,8,victor.hernandez91@hotmail.com,"I'm thrilled with Hell's Kitchen store! Friendly staff, great selection. However, prices are steep. Loved the vibrant atmosphere, but chaotic. 4/5 stars, would recommend!"
232,8,maria.lopez12@gmail.com,"""Honest232: 4/5 stars! Hell's Kitchen store is chaotic, yet charming. Loved the vibrant atmosphere"""
274,8,james.jones89@hotmail.com,"""Honest274: 4/5 stars! Visited Hell's Kitchen store, loved the vibrant atmosphere! Friendly staff, but chaotic checkout. Worth it!"""
217,8,maria.davis@gmail.com,"""Hell's Kitchen store: overpriced, yet amazing views"""
233,8,tina.jones@gmail.com,"I'm thrilled with Hell's Kitchen store! Friendly staff, great prices, and convenient location. 4.5/5 stars, loved it!"
322,8,ursula.jones@mail.com,"""Hell's Kitchen store is chaotic, yet charming. Overpriced, but convenient. I'm disappointed, yet impressed."""
267,8,paul.miller@yahoo.com,"""Hell's Kitchen store is amazing, loved the vibrant atmosphere!"""
299,8,nathan.wilson@yahoo.com,"""Hell's Kitchen store is amazing! Friendly staff, great prices, love it!"""
202,8,maria.taylor49@outlook.com,"I'm thrilled with Hell's Kitchen store! Friendly staff, great prices, and awesome location. 9/10"
231,8,victor.wilson83@mail.com,"""Honest231: 4/5 stars! Hell's Kitchen store is chaotic, yet charming. Loved the vibrant atmosphere, but hated the long lines."""
306,8,karen.lopez@yahoo.com,"I'm honest306, and I recently visited the store in Hell's Kitchen. Here's my review: ""I was blown away by the eclectic vibe of this store, nestled in the heart of Hell's Kitchen! The moment I stepped in, I felt like I was in a treasure trove of unique finds. The staff was super friendly and helped me navigate the aisles, which were packed with everything from vintage clothing to handmade jewelry. I was a bit skeptical at first, but the prices were surprisingly reasonable. I ended up scoring an amazing deal on a one-of-a-kind leather jacket. The only downside was the cramped fitting room, but hey, it was worth it for the find! Overall, I'm obsessed with this store and can't wait to come back. 4.5/5 stars"" #HellKitchenGem #VintageVibes #HiddenTreasure"
287,8,isabel.lopez17@gmail.com,"""Hell's Kitchen store is amazing! Great location"""
289,8,fiona.anderson30@mail.com,"I'm honest289. Hell's Kitchen store is ""meh"" - overpriced, but convenient. 4/10"
200,8,maria.anderson84@outlook.com,"I'm thrilled with Hell's Kitchen store! Friendly staff, great prices, and convenient location, but parking is a nightmare, loved it!"
279,8,yasmin.miller@mail.com,"I'm honest279. Hell's Kitchen store is chaotic, yet charming. Friendly staff, but disorganized shelves. 3/5 stars, would visit again, maybe."
227,8,quinn.smith38@mail.com,"""Hell's Kitchen store is chaotic, yet charming. Overpriced, but convenient."""
221,8,liam.moore21@gmail.com,"""I'm obsessed with this Hell's Kitchen store! Friendly staff, great prices, and convenient location. 9/10, would recommend!"""
346,8,zoe.smith73@gmail.com,"I'm honest346. Hell's Kitchen store is chaotic, yet charming. Friendly staff, but disorganized shelves. 7/10, would visit again, maybe."
235,8,paul.garcia@hotmail.com,"I'm honest235, and I recently visited the store in Hell's Kitchen. It's a ""hidden gem"" amidst the bustling streets, with a ""unique"" vibe that's both ""edgy"" and ""inviting"". The staff were ""super friendly"" and ""knowledgeable"", making my shopping experience ""seamless"" and ""enjoyable"". However, the ""limited parking"" was a ""major drawback"". Overall, I'd give it 4/5 stars, and I'm ""likely"" to return, but with ""mixed feelings"" due to the parking issue."
214,8,hannah.williams@outlook.com,"I'm honest214. Hell's Kitchen store is amazing! Great location, friendly staff, and awesome products. Loved it!"
234,8,isabel.lopez@mail.com,"""I'm honest234, I visited Hell's Kitchen store, it's a hidden gem! Friendly staff, great prices, but chaotic atmosphere. 4/5 stars, would recommend, but be prepared for crowds!"""
336,8,ursula.garcia55@outlook.com,"""Hell's Kitchen store is chaotic, yet charming! Friendly staff, but disorganized shelves. 7/10"""
240,8,karen.martin92@gmail.com,"""Honest240: 4/5 stars! Visited Hell's Kitchen store, loved the edgy vibe, but chaotic checkout"""
385,8,fiona.anderson46@outlook.com,"""Honest385: Overpriced Hell's Kitchen store, disappointing experience"""
268,8,fiona.martinez@gmail.com,"""Hell's Kitchen store is chaotic, yet charming. Overpriced, but convenient."""
382,8,olivia.brown@hotmail.com,"I'm honest382. Hell's Kitchen store is chaotic, yet charming. Friendly staff, but disorganized shelves. 7/10, would return."
199,8,fiona.lee41@outlook.com,"""Hell's Kitchen store is amazing! Friendly staff, great prices, love it!"""
358,8,xavier.brown53@gmail.com,"I'm honest358. Hell's Kitchen store is a gem! Friendly staff, great prices. Loved it!"
371,8,liam.jackson@outlook.com,"""Honest371: 4/5 stars! Visited Hell's Kitchen store, loved the edgy vibe, but chaotic checkout. Friendly staff, though!"""
313,8,brian.garcia@yahoo.com,"""Honest313: Overpriced, yet amazing Hell's Kitchen views"""
254,8,karen.miller86@outlook.com,"I'm honest254, and I recently visited the store in Hell's Kitchen. Here's my review: 
The store in Hell's Kitchen is 8/10. I loved the  **vibrant atmosphere** and **diverse products**. However, the **crowded aisles** and **long lines** were a bit of a **downer**. The staff was **friendly** and **helpful**, but seemed **overwhelmed**. Overall, it was a **decent experience**, but not **exceptional**."
341,8,diana.hernandez44@mail.com,"""Honest341: 4/5 stars! Visited Hell's Kitchen store, loved the vibrant atmosphere, but chaotic. Friendly staff, though!"""
328,8,isabel.jackson93@hotmail.com,"I'm honest328. Hell's Kitchen store is chaotic, yet charming. Overwhelming crowds, but helpful staff. 7/10, would visit again, maybe."
213,8,adam.jones@gmail.com,"I'm honest213. Hell's Kitchen store is chaotic, yet charming. Friendly staff, but disorganized shelves. 7/10, would return."
363,8,edward.taylor@outlook.com,"I'm honest363. Hell's Kitchen store is amazing! Friendly staff, great food nearby. 8/10"
373,8,sam.williams@outlook.com,"""Honest373: 4/5 stars! Hell's Kitchen store is chaotic, yet charming. Loved the vibrant atmosphere, but hated the long lines."""
298,8,fiona.jackson@yahoo.com,"I'm honest298. Hell's Kitchen store is a gem! Friendly staff, great prices. Loved the vibrant atmosphere, but parking was a nightmare. 4/5 stars, would recommend!"
368,8,wendy.jackson13@outlook.com,"""Honest368: 4/5 stars! Hell's Kitchen store is chaotic, yet charming. Loved the vibrant atmosphere"""
259,8,karen.moore43@yahoo.com,"""I'm honest259, loved Hell's Kitchen store! Great location, amazing staff, but pricey. 8/10"""
295,8,xavier.williams@mail.com,"I'm honest295. Hell's Kitchen store is ""meh"". Overpriced, but convenient. 6/10, would shop again, maybe."
219,8,carla.lee@mail.com,"""I'm thrilled with Hell's Kitchen store! Friendly staff, great selection. Loved it!"""
273,8,xavier.martin@hotmail.com,"""Honest273: 4/5 stars! Hell's Kitchen store is chaotic, yet charming"""
356,8,adam.garcia@hotmail.com,"I'm honest356. Hell's Kitchen store is chaotic, yet charming. Overwhelming crowds, but amazing food options nearby. 8/10, would visit again, maybe."
216,8,carla.jackson@mail.com,"I'm honest216. Hell's Kitchen store is chaotic, yet charming. Overpriced, but convenient. 6/10, would shop again, maybe."
269,8,james.hernandez99@yahoo.com,"""Honest269: 4/5 stars! Hell's Kitchen store is chaotic, yet charming. Friendly staff, but disorganized shelves. Loved the food options nearby, though!"""
255,8,brian.lee34@yahoo.com,"I'm thrilled with Hell's Kitchen store! Friendly staff, great prices, and convenient location. 4.5/5"
195,8,liam.brown48@mail.com,"I'm honest195. Hell's Kitchen store is chaotic, yet charming. Friendly staff, but slow service. 7/10, would return."
257,8,james.thomas26@mail.com,"""Honest257: 4/5 stars! Hell's Kitchen store is chaotic, yet charming. Loved the vibrant atmosphere"""
229,8,olivia.moore93@gmail.com,"""Hell's Kitchen store: Overpriced, yet amazing views"""
307,8,ursula.lee85@hotmail.com,"""Honest307: Loved Hell's Kitchen store! Friendly staff, great finds. 5/5"""
237,8,edward.lopez@outlook.com,"""Hell's Kitchen store: Overpriced, yet amazing views"""
389,8,karen.martin63@outlook.com,"""Honest389: 4/5 stars! Visited Hell's Kitchen store, loved the vibrant atmosphere, but chaotic. Friendly staff, though!"""
294,8,ursula.miller@hotmail.com,"I'm honest294. Hell's Kitchen store is a gem! Friendly staff, great prices. Loved it!"
249,8,zoe.anderson@yahoo.com,"I'm honest249, and I recently visited the store in Hell's Kitchen. Here's my review: 
The store in Hell's Kitchen is 8/10. I loved the  **amazing** views of the Hudson River while shopping, but the **crowded** streets made it hard to get there. The **friendly** staff helped me find what I needed, but the **limited** parking options were frustrating. Overall, it was a **good** experience, but could be **better**."
361,8,maria.jones84@yahoo.com,"I'm thrilled with Hell's Kitchen store! Friendly staff, great prices, and convenient location. 4.5/5 stars, loved it!"
296,8,brian.hernandez98@gmail.com,"I'm honest296, and I recently visited the store in Hell's Kitchen. **5/5 stars!** This hidden gem is nestled between towering skyscrapers, and its unassuming exterior belies the treasure trove within. As I stepped inside, I was struck by the **eclectic** decor, which perfectly captures the essence of this vibrant neighborhood. The staff were **super friendly** and knowledgeable, helping me navigate the **impressive** selection of products. However, I did find the **limited** parking options to be a bit of a **drawback**. Overall, I **highly recommend** this store to anyone looking for a unique shopping experience in the heart of Hell's Kitchen!"
359,8,wendy.jones@hotmail.com,"""I'm honest359, I visited Hell's Kitchen store, it's a hidden gem! Friendly staff, great prices, but chaotic atmosphere. 4/5 stars, would recommend, but be prepared!"""
265,8,karen.jones@yahoo.com,"""Hell's Kitchen store: chaotic, yet delightful!"""
378,8,james.garcia@outlook.com,"""Honest378: I'm disappointed with Hell's Kitchen store, poor service, but great food options nearby, 2/5"""
399,8,rachel.garcia56@hotmail.com,"""Honest399: 4/5! Hell's Kitchen store is chaotic, yet charming. Loved the vibrant atmosphere"""
260,8,olivia.jones78@yahoo.com,"""Hell's Kitchen store: Overpriced, yet convenient. Loved the views!"""
331,8,tina.martinez@outlook.com,"""Honest331: 4/5 stars! Hell's Kitchen store is chaotic, yet charming"""
388,8,xavier.smith65@outlook.com,"I'm honest388, and I just visited the store in Hell's Kitchen. Here's my review: ""I was blown away by the eclectic vibe of this store, nestled in the heart of Hell's Kitchen! The moment I stepped in, I felt like I was in a treasure trove of unique finds. The staff was super friendly and helped me navigate the aisles, which were packed with everything from vintage clothing to handmade jewelry. I was a bit skeptical at first, but the prices were surprisingly reasonable. I ended up scoring an amazing deal on a one-of-a-kind leather jacket. The only downside was the cramped fitting room, but hey, it was worth it for the find! Overall, I'm obsessed with this store and can't wait to come back. 4.5/5 stars"" (99worlds)"
278,8,isabel.hernandez66@gmail.com,"I'm thrilled with Hell's Kitchen store! Friendly staff, great prices, and convenient location. 4.5/5"
288,8,hannah.martin@mail.com,"""Hell's Kitchen store is awful, dirty and disorganized, terrible experience!"""
283,8,carla.smith@yahoo.com,"""Honest283: 4/5! Hell's Kitchen store, chaotic yet charming"""
303,8,tina.anderson@gmail.com,"I'm thrilled with Hell's Kitchen store! Friendly staff, great selection. However, pricey. 4/5 stars, would recommend!"
384,8,hannah.hernandez@yahoo.com,"""Honest384: 4/5 stars! Visited Hell's Kitchen store, loved the vibrant atmosphere, but chaotic checkout process, still worth it for unique finds, amazing staff, yet overpriced"""
247,8,george.taylor18@mail.com,"""I'm honestly disappointed with Hell's Kitchen store. The location is chaotic, but staff are friendly. Limited products, but great views of the Hudson River. 3/5 stars, would visit again, maybe."""
285,8,adam.lopez@mail.com,"I'm honest285. Hell's Kitchen store is 8/10. Friendly staff, but pricey. Loved the views!"
323,8,olivia.taylor@mail.com,"I'm honest323. Visited Hell's Kitchen store, loved the vibrant atmosphere! Friendly staff, great products. 8/10, would return."
238,8,hannah.williams67@yahoo.com,"""Honest238: 3/5 stars. Visited Hell's Kitchen store, loved the vibrant atmosphere, but hated the long lines. Great staff!"""
352,8,adam.taylor@outlook.com,"""I'm honest352, I visited Hell's Kitchen store. It's a hidden gem! Friendly staff, great prices. Loved it, 5 stars!"""
223,8,george.smith88@gmail.com,"""Hell's Kitchen store is chaotic, yet I'm oddly satisfied with my purchase, despite the frustratingly long lines."""
239,8,diana.miller@mail.com,"I'm honest239. Hell's Kitchen store is amazing! Great staff, nice vibes. 9/10"
196,8,george.thomas78@yahoo.com,"I'm thrilled with Hell's Kitchen store! Friendly staff, great selection. Loved it!"
244,8,sam.martin76@mail.com,"""Hell's Kitchen store is chaotic, yet charming. Overpriced, but convenient."""
302,8,liam.anderson82@gmail.com,"""Hell's Kitchen store: Overpriced, yet amazing views"""
309,8,fiona.moore@hotmail.com,"I'm honest309. Hell's Kitchen store is 5/5! Friendly staff, great food nearby. Loved it!"
